,NbrDayWorked,EmpID,SalaryEcart,EngagementSurvey,EmpSatisfaction,SpecialProjectsCount,MarriedID,FromDiversityJobFairID,Termd,Sex_F,Sex_M,MaritalDesc_Divorced,MaritalDesc_Married,MaritalDesc_Separated,MaritalDesc_Single,MaritalDesc_Widowed,CitizenDesc_Eligible NonCitizen,CitizenDesc_Non-Citizen,CitizenDesc_US Citizen,Department_Admin Offices,Department_Executive Office,Department_IT/IS,Department_Production       ,Department_Sales,Department_Software Engineering,PerformanceScore_Exceeds,PerformanceScore_Fully Meets,PerformanceScore_Needs Improvement,PerformanceScore_PIP,EmploymentStatus
0,1.291390465,10026,1.145264426,0.621301903,1.222022033,-0.519537954,0,0,0,0,1,0,0,0,1,0,0,0,1,0,0,0,1,0,0,1,0,0,0,Active
1,-1.647944549,10084,0.335654904,1.077768607,-0.98115972,2.038398254,1,0,1,0,1,0,1,0,0,0,0,0,1,0,0,1,0,0,0,0,1,0,0,Voluntarily Terminated
2,-1.644193802,10196,-0.036619421,-1.382079743,-0.98115972,-0.519537954,1,0,1,1,0,0,1,0,0,0,0,0,1,0,0,0,1,0,0,0,1,0,0,Voluntarily Terminated
3,2.885457731,10088,1.557703881,0.925613039,1.222022033,-0.519537954,1,0,0,1,0,0,1,0,0,0,0,0,1,0,0,0,1,0,0,0,1,0,0,Active
4,0.152413775,10069,-0.793449971,1.12848713,0.120431157,-0.519537954,0,0,1,1,0,1,0,0,0,0,0,0,1,0,0,0,1,0,0,0,1,0,0,Voluntarily Terminated
5,1.056343684,10002,0.325696607,1.12848713,1.222022033,-0.519537954,0,0,0,1,0,0,0,0,1,0,0,0,1,0,0,0,1,0,0,1,0,0,0,Active
6,-0.23891411,10194,-0.330389174,-1.356720482,-0.98115972,1.185752851,0,0,0,1,0,0,0,0,1,0,0,0,1,0,0,0,0,0,1,0,1,0,0,Active
7,0.268686917,10062,0.623947593,1.12848713,0.120431157,-0.519537954,0,0,0,0,1,0,0,0,0,1,0,0,1,0,0,0,1,0,0,0,1,0,0,Active
8,2.202821867,10114,-1.289373147,0.443787074,-0.98115972,-0.519537954,0,1,0,1,0,0,0,0,1,0,0,0,1,0,0,0,1,0,0,0,1,0,0,Active
9,-0.308928045,10250,-2.68087914,1.12848713,1.222022033,2.038398254,0,0,0,0,1,1,0,0,0,0,0,0,1,0,0,1,0,0,0,0,1,0,0,Active
10,0.539990915,10252,-0.155289124,0.114116676,0.120431157,-0.519537954,1,1,1,1,0,0,1,0,0,0,0,0,1,0,0,0,1,0,0,0,1,0,0,Voluntarily Terminated
11,-0.16389918,10242,-1.393271376,0.114116676,-0.98115972,-0.519537954,1,1,1,0,1,0,1,0,0,0,0,0,1,0,0,0,1,0,0,0,1,0,0,Voluntarily Terminated
12,-0.23891411,10012,0.375820034,0.215553721,0.120431157,1.612075553,0,1,0,0,1,1,0,0,0,0,0,0,1,0,0,1,0,0,0,1,0,0,0,Active
13,1.003833233,10265,0.515070216,0.621301903,0.120431157,-0.519537954,0,0,0,0,1,0,0,0,1,0,0,0,1,0,0,0,1,0,0,0,1,0,0,Active
14,-0.133893208,10066,-0.514617663,1.12848713,1.222022033,-0.519537954,0,0,1,0,1,1,0,0,0,0,0,0,1,0,0,0,1,0,0,0,1,0,0,Voluntarily Terminated
15,0.742531226,10061,0.369845056,1.12848713,0.120431157,-0.519537954,0,0,1,0,1,0,0,0,1,0,0,0,1,0,0,0,1,0,0,0,1,0,0,Terminated for Cause
16,-1.01281814,10023,0.822449641,0.367709289,-0.98115972,-0.519537954,1,0,0,1,0,0,1,0,0,0,0,0,1,0,0,0,1,0,0,1,0,0,0,Active
17,1.406413358,10055,0.567683217,1.12848713,1.222022033,-0.519537954,0,0,0,1,0,0,0,0,1,0,1,0,0,0,0,0,1,0,0,0,1,0,0,Active
18,-1.662947535,10245,-0.029980557,0.494505596,0.120431157,1.612075553,0,0,1,1,0,0,0,0,1,0,0,0,1,0,0,1,0,0,0,0,1,0,0,Terminated for Cause
19,0.373707819,10277,-0.390968812,0.114116676,0.120431157,-0.519537954,0,0,0,0,1,0,0,0,1,0,0,0,1,0,0,0,1,0,0,0,1,0,0,Active
20,0.951322782,10046,-0.757102188,1.12848713,-0.98115972,-0.519537954,0,0,0,0,1,0,0,0,1,0,0,0,1,0,0,0,1,0,0,0,1,0,0,Active
21,0.321197368,10226,1.545753925,0.114116676,-0.98115972,-0.519537954,0,0,0,1,0,1,0,0,0,0,0,0,1,0,0,0,1,0,0,0,1,0,0,Active
22,-0.081382757,10003,1.212316957,1.12848713,-0.98115972,-0.519537954,1,0,0,1,0,0,1,0,0,0,0,0,1,0,0,0,1,0,0,1,0,0,0,Active
23,1.406413358,10294,0.210014394,-2.675402072,-0.98115972,-0.519537954,0,0,0,1,0,0,0,0,1,0,0,0,1,0,0,0,1,0,0,0,0,1,0,Active
24,-0.727761405,10267,-1.221656729,0.874894516,1.222022033,-0.519537954,0,0,1,1,0,0,0,0,1,0,0,0,1,0,0,0,1,0,0,0,1,0,0,Voluntarily Terminated
25,-1.287872884,10199,-0.029980557,-0.773457471,1.222022033,2.464720955,0,0,1,0,1,0,0,0,1,0,0,0,1,0,0,1,0,0,0,0,1,0,0,Terminated for Cause
26,-0.361438496,10081,0.552247857,1.12848713,0.120431157,0.75943015,1,1,0,1,0,0,1,0,0,0,0,0,1,1,0,0,0,0,0,0,1,0,0,Active
27,-1.814227644,10175,-0.132302056,-0.912933408,-0.98115972,-0.519537954,0,0,1,0,1,0,0,0,1,0,0,0,1,0,0,0,1,0,0,0,1,0,0,Voluntarily Terminated
28,-1.654195793,10177,-0.350803682,-0.963651931,0.120431157,-0.519537954,1,0,1,1,0,0,1,0,0,0,0,0,1,0,0,0,1,0,0,0,1,0,0,Voluntarily Terminated
29,2.517884573,10238,-0.030478472,0.494505596,-2.082750596,2.038398254,1,1,0,1,0,0,1,0,0,0,0,0,1,1,0,0,0,0,0,0,1,0,0,Active
30,-0.186403659,10184,0.018649125,-1.166526022,-0.98115972,-0.519537954,0,0,0,0,1,0,0,0,1,0,0,0,1,0,0,0,1,0,0,0,1,0,0,Active
31,0.216176466,10203,1.455465368,-0.773457471,1.222022033,-0.519537954,0,1,0,1,0,0,0,1,0,0,0,0,1,0,0,0,1,0,0,0,1,0,0,Active
32,-0.849035542,10188,1.734463647,-1.229924175,1.222022033,-0.519537954,1,0,1,1,0,0,1,0,0,0,1,0,0,0,0,0,0,1,0,0,1,0,0,Voluntarily Terminated
33,0.986329749,10107,-0.234457583,0.507185227,0.120431157,-0.519537954,0,0,0,1,0,0,0,0,1,0,0,0,1,0,0,0,1,0,0,0,1,0,0,Active
34,1.406413358,10181,-0.500178133,-1.090448238,1.222022033,-0.519537954,1,0,0,0,1,0,1,0,0,0,0,0,1,0,0,0,1,0,0,0,1,0,0,Active
35,1.240130263,10150,-0.029980557,-0.342350028,-0.98115972,1.612075553,0,0,0,0,1,0,0,0,1,0,0,0,1,0,0,0,0,0,1,0,1,0,0,Active
36,-0.794024594,10001,-0.40980659,1.12848713,-0.98115972,-0.519537954,0,0,0,0,1,0,0,0,1,0,0,0,1,0,0,0,1,0,0,1,0,0,0,Active
37,0.216176466,10085,-0.706148903,1.077768607,0.120431157,2.038398254,0,0,0,1,0,0,0,0,1,0,0,0,1,0,0,0,0,0,1,0,1,0,0,Active
38,0.041141629,10115,-0.458021344,0.405748181,-0.98115972,-0.519537954,0,0,0,0,1,0,0,0,1,0,0,0,1,0,0,0,1,0,0,0,1,0,0,Active
39,-0.986562914,10082,-0.395616018,1.12848713,1.222022033,2.038398254,0,0,0,1,0,0,0,0,1,0,0,0,1,0,0,1,0,0,0,0,1,0,0,Active
40,-0.133893208,10040,1.325177653,1.12848713,1.222022033,-0.519537954,0,0,0,1,0,0,0,0,1,0,0,0,1,0,0,0,0,1,0,0,1,0,0,Active
41,-0.186403659,10067,1.004188556,1.12848713,0.120431157,-0.519537954,0,0,0,1,0,0,0,0,1,0,0,0,1,0,0,0,1,0,0,0,1,0,0,Active
42,-1.071579835,10108,-0.029980557,0.494505596,1.222022033,2.464720955,1,0,0,0,1,0,1,0,0,0,0,0,1,0,0,1,0,0,0,0,1,0,0,Active
43,-0.011368822,10210,-0.227154832,-1.027050084,0.120431157,-0.519537954,0,0,0,1,0,0,0,0,1,0,0,0,1,0,0,0,1,0,0,0,1,0,0,Active
44,0.373707819,10154,0.792408779,-0.393068551,1.222022033,-0.519537954,0,0,0,0,1,0,0,0,1,0,0,0,1,0,0,0,1,0,0,0,1,0,0,Active
45,0.898812331,10200,0.48668907,-1.407439005,1.222022033,-0.519537954,0,0,0,0,1,0,0,0,1,0,1,0,0,0,0,0,0,1,0,0,1,0,0,Active
46,-0.200156396,10240,1.523679701,0.240912983,0.120431157,-0.519537954,0,0,1,1,0,0,0,0,1,0,0,0,1,0,0,0,1,0,0,0,1,0,0,Voluntarily Terminated
47,1.17886807,10168,1.528658849,-0.672020426,1.222022033,-0.519537954,0,0,0,1,0,0,0,0,1,0,0,1,0,0,0,0,1,0,0,0,1,0,0,Active
48,0.756283963,10220,0.389595678,0.74809821,-0.98115972,2.038398254,0,0,0,0,1,0,0,0,1,0,0,0,1,0,0,1,0,0,0,0,1,0,0,Active
49,-1.450405233,10275,-0.184168184,0.114116676,1.222022033,-0.519537954,1,0,1,1,0,0,1,0,0,0,0,0,1,0,0,0,1,0,0,0,1,0,0,Voluntarily Terminated
50,-1.712957488,10269,-0.963736845,0.114116676,0.120431157,-0.519537954,1,0,1,0,1,0,1,0,0,0,0,0,1,0,0,0,1,0,0,0,1,0,0,Voluntarily Terminated
51,-0.994064407,10029,-0.868469139,-0.012679631,0.120431157,-0.519537954,1,0,0,0,1,0,1,0,0,0,0,0,1,0,0,0,1,0,0,1,0,0,0,Active
52,0.373707819,10261,1.245179336,0.367709289,1.222022033,-0.519537954,0,0,0,0,1,0,0,0,1,0,0,0,1,0,0,0,1,0,0,0,1,0,0,Active
53,0.173668006,10292,0.587267867,-2.675402072,-0.98115972,-0.519537954,0,0,1,0,1,0,0,0,1,0,0,0,1,0,0,0,1,0,0,0,0,1,0,Terminated for Cause
54,1.728977558,10282,-1.171450317,0.025359261,-2.082750596,-0.519537954,0,0,0,0,1,1,0,0,0,0,0,0,1,0,0,0,1,0,0,0,0,1,0,Active
55,2.430367155,10019,-0.029980557,-0.519864858,1.222022033,-0.519537954,0,0,0,0,1,0,0,0,1,0,0,0,1,0,0,0,1,0,0,1,0,0,0,Active
56,-0.308928045,10094,1.290489586,0.786137102,1.222022033,-0.519537954,1,0,0,1,0,0,1,0,0,0,0,0,1,0,0,0,1,0,0,0,1,0,0,Active
57,-0.413948947,10193,-1.080746831,-1.356720482,-0.98115972,2.038398254,1,0,0,0,1,0,1,0,0,0,0,0,1,0,0,1,0,0,0,0,1,0,0,Active
58,-0.994064407,10132,0.09018289,0.012679631,1.222022033,-0.519537954,0,0,0,1,0,0,0,0,1,0,0,0,1,0,0,0,1,0,0,0,1,0,0,Active
59,-0.23891411,10083,-0.029980557,1.12848713,-0.98115972,1.185752851,0,0,0,0,1,0,0,0,1,0,0,0,1,0,0,1,0,0,0,0,1,0,0,Active
60,-0.00261708,10099,-0.572707727,0.646661164,0.120431157,-0.519537954,0,0,0,1,0,0,0,0,1,0,0,0,1,0,0,0,0,1,0,0,1,0,0,Active
61,-0.23891411,10212,-1.241739294,-1.280642698,1.222022033,2.891043657,1,0,0,1,0,0,1,0,0,0,0,0,1,0,0,1,0,0,0,0,1,0,0,Active
62,0.837550138,10056,0.328186181,1.12848713,-0.98115972,-0.519537954,1,0,0,1,0,0,1,0,0,0,0,0,1,0,0,0,1,0,0,0,1,0,0,Active
63,1.135109361,10143,-1.474099551,-0.19019446,0.120431157,-0.519537954,0,0,0,0,1,0,0,0,1,0,1,0,0,0,0,0,1,0,0,0,1,0,0,Active
64,-1.910496804,10311,0.229930987,0.240912983,0.120431157,0.75943015,1,0,0,0,1,0,1,0,0,0,0,0,1,0,0,0,1,0,0,0,1,0,0,Active
65,0.109905315,10070,0.019313012,1.12848713,0.120431157,-0.519537954,1,0,1,0,1,0,1,0,0,0,0,0,1,0,0,0,1,0,0,0,1,0,0,Voluntarily Terminated
66,1.056343684,10155,0.588927583,-0.405748181,1.222022033,1.612075553,0,0,0,1,0,0,0,0,1,0,0,0,1,0,0,0,0,0,1,0,1,0,0,Active
67,-0.186403659,10306,-0.383002175,-2.764159486,-0.98115972,-0.519537954,0,0,0,0,1,0,0,0,1,0,0,0,1,0,0,0,0,1,0,0,0,0,1,Active
68,-0.108888231,10100,-1.145309788,0.646661164,1.222022033,-0.519537954,0,0,1,1,0,0,0,1,0,0,0,0,1,0,0,0,1,0,0,0,1,0,0,Voluntarily Terminated
69,-0.081382757,10310,-0.401093081,-3.791209571,-2.082750596,-0.519537954,1,0,0,0,1,0,1,0,0,0,0,0,1,0,0,0,1,0,0,0,0,0,1,Active
70,-1.274120147,10197,0.044706668,-1.394759374,1.222022033,2.464720955,0,0,0,0,1,0,0,0,1,0,0,0,1,0,0,1,0,0,0,0,1,0,0,Active
71,-0.011368822,10276,-0.721418291,0.240912983,0.120431157,-0.519537954,0,0,0,0,1,0,0,0,1,0,0,0,1,0,0,0,1,0,0,0,1,0,0,Active
72,1.003833233,10304,-0.770877832,-2.295013152,-3.184341472,-0.519537954,0,0,0,1,0,0,0,0,1,0,0,0,1,0,0,0,0,1,0,0,0,0,1,Active
73,0.601253108,10284,0.9922386,-0.291631505,0.120431157,-0.519537954,1,0,0,1,0,0,1,0,0,0,0,0,1,0,0,0,1,0,0,0,0,1,0,Active
74,0.951322782,10207,-1.538662508,-0.900253778,1.222022033,-0.519537954,0,0,0,1,0,0,0,0,1,0,0,0,1,0,0,0,1,0,0,0,1,0,0,Active
75,-0.308928045,10133,0.712078519,0,0.120431157,2.038398254,1,0,0,1,0,0,1,0,0,0,0,0,1,0,0,1,0,0,0,0,1,0,0,Active
76,0.14741278,10028,-0.029980557,0.240912983,1.222022033,1.612075553,0,0,0,0,1,0,0,0,1,0,0,0,1,0,0,1,0,0,0,1,0,0,0,Active
77,1.51143426,10006,1.72035606,0.836855624,1.222022033,-0.519537954,0,0,0,1,0,0,0,0,1,0,0,0,1,0,0,0,0,1,0,1,0,0,0,Active
78,-0.172650922,10105,0.013089076,0.519864858,0.120431157,-0.519537954,0,0,0,1,0,0,0,0,1,0,0,0,1,0,0,0,1,0,0,0,1,0,0,Active
79,1.835248709,10211,1.146592199,-1.534235311,-0.98115972,-0.519537954,1,0,0,1,0,0,1,0,0,0,0,0,1,0,0,0,1,0,0,0,1,0,0,Active
80,0.616256094,10064,0.74095758,1.12848713,-0.98115972,-0.519537954,1,0,1,1,0,0,1,0,0,0,0,0,1,0,0,0,1,0,0,0,1,0,0,Voluntarily Terminated
81,-0.23891411,10247,-1.114936983,0.74809821,1.222022033,-0.519537954,0,0,0,0,1,0,0,0,1,0,0,0,1,0,0,0,1,0,0,0,1,0,0,Active
82,0.041141629,10235,-0.219188194,0.114116676,-0.98115972,-0.519537954,1,0,0,0,1,0,1,0,0,0,0,0,1,0,0,0,1,0,0,0,1,0,0,Active
83,-0.081382757,10299,-1.382317249,-1.407439005,-3.184341472,-0.519537954,0,0,0,1,0,0,0,1,0,0,0,0,1,0,0,0,1,0,0,0,0,0,1,Active
84,0.758784461,10280,0.785769915,1.12848713,0.120431157,-0.519537954,0,0,1,0,1,0,0,0,1,0,0,0,1,0,0,0,1,0,0,0,0,1,0,Terminated for Cause
85,-0.366439492,10296,0.583948435,-2.295013152,-0.98115972,-0.519537954,0,0,1,1,0,0,0,0,1,0,0,0,1,0,0,0,1,0,0,0,0,1,0,Terminated for Cause
86,-1.246614672,10290,0.27042806,-2.548605765,1.222022033,1.185752851,1,0,1,1,0,0,1,0,0,0,0,0,1,0,0,0,0,0,1,0,0,1,0,Terminated for Cause
87,-0.081382757,10263,1.095472942,0.367709289,1.222022033,-0.519537954,1,0,0,1,0,0,1,0,0,0,0,0,1,0,0,0,1,0,0,0,1,0,0,Active
88,0.09365208,10136,0.120555695,-0.139475937,0.120431157,-0.519537954,0,0,0,1,0,0,0,0,1,0,0,0,1,0,0,0,1,0,0,0,1,0,0,Active
89,-0.136393706,10189,0.355571497,-1.242603806,-0.98115972,-0.519537954,1,0,1,1,0,0,1,0,0,0,0,0,1,0,0,0,1,0,0,0,1,0,0,Voluntarily Terminated
90,-0.466459399,10308,1.402686396,-3.233305821,1.222022033,-0.519537954,1,0,0,0,1,0,1,0,0,0,0,0,1,0,0,0,1,0,0,0,0,0,1,Active
91,-0.413948947,10309,-0.029980557,-3.689772525,-0.98115972,2.038398254,0,0,0,0,1,0,0,0,1,0,0,0,1,0,0,1,0,0,0,0,0,0,1,Active
92,1.056343684,10049,0.485361298,1.12848713,1.222022033,-0.519537954,1,0,0,1,0,0,1,0,0,0,0,0,1,0,0,0,1,0,0,0,1,0,0,Active
93,-1.240363428,10093,1.233727295,0.824175994,1.222022033,-0.519537954,0,0,1,0,1,0,0,0,1,0,0,0,1,0,0,0,1,0,0,0,1,0,0,Voluntarily Terminated
94,-1.395394284,10163,-1.528704211,-0.57058338,-0.98115972,-0.519537954,1,0,1,1,0,0,1,0,0,0,0,0,1,0,0,0,1,0,0,0,1,0,0,Voluntarily Terminated
95,-0.427701685,10305,1.047507146,-2.675402072,1.222022033,-0.519537954,1,0,1,0,1,0,1,0,0,0,0,0,1,0,0,0,0,1,0,0,0,0,1,Terminated for Cause
96,1.392660621,10015,-0.029980557,1.12848713,1.222022033,1.612075553,0,0,0,0,1,0,0,0,1,0,0,0,1,0,0,1,0,0,0,1,0,0,0,Active
97,2.430367155,10080,-0.612208971,1.12848713,-0.98115972,0.333107448,1,0,0,1,0,0,1,0,0,0,0,0,1,1,0,0,0,0,0,0,1,0,0,Active
98,1.212624788,10258,0.560214494,0.240912983,-0.98115972,-0.519537954,0,0,0,0,1,0,0,0,1,0,0,0,1,0,0,0,0,1,0,0,1,0,0,Active
99,1.828997465,10273,-0.103505981,0.74809821,0.120431157,1.612075553,0,0,0,1,0,0,0,0,1,0,0,0,1,0,0,1,0,0,0,0,1,0,0,Active
100,-0.413948947,10111,-0.557106396,0.494505596,-0.98115972,-0.519537954,0,0,0,0,1,0,0,0,1,0,0,0,1,0,0,0,1,0,0,0,1,0,0,Active
101,1.353902907,10257,-0.40408057,0.114116676,0.120431157,-0.519537954,0,0,0,1,0,0,0,0,1,0,0,0,1,0,0,0,1,0,0,0,1,0,0,Active
102,-0.413948947,10159,-0.708472506,-0.481825966,-0.98115972,-0.519537954,1,0,0,1,0,0,1,0,0,0,0,0,1,0,0,0,1,0,0,0,1,0,0,Active
103,0.091151582,10122,-0.680589275,0.164835199,0.120431157,-0.519537954,0,1,1,1,0,1,0,0,0,0,0,0,1,0,0,0,1,0,0,0,1,0,0,Voluntarily Terminated
104,-1.671699277,10142,-0.747807778,-0.177514829,0.120431157,-0.519537954,0,0,1,1,0,0,0,0,0,1,0,0,1,0,0,0,0,1,0,0,1,0,0,Terminated for Cause
105,-0.729011654,10283,-0.11163859,-0.177514829,0.120431157,-0.519537954,1,1,1,0,1,0,1,0,0,0,0,0,1,0,0,0,1,0,0,0,0,1,0,Voluntarily Terminated
106,-0.186403659,10018,0.366691595,-0.266272244,0.120431157,-0.519537954,0,0,0,1,0,0,0,0,1,0,0,0,1,0,0,0,1,0,0,1,0,0,0,Active
107,-0.361438496,10255,-0.385159806,0.494505596,1.222022033,-0.519537954,0,0,0,1,0,0,0,0,1,0,0,0,1,0,0,0,0,1,0,0,1,0,0,Active
108,-2.169298313,10246,0.766683179,0.621301903,0.120431157,1.185752851,0,0,1,1,0,0,0,0,1,0,0,0,1,0,0,1,0,0,0,0,1,0,0,Terminated for Cause
109,-0.413948947,10228,1.38559132,0.240912983,1.222022033,2.464720955,1,0,0,0,1,0,1,0,0,0,0,0,1,0,0,1,0,0,0,0,1,0,0,Active
110,0.216176466,10243,-0.429474226,0.240912983,1.222022033,-0.519537954,0,0,0,1,0,0,0,0,1,0,0,0,1,0,0,0,1,0,0,0,1,0,0,Active
111,1.283888972,10031,0.711414633,0.494505596,0.120431157,-0.519537954,0,1,0,0,1,1,0,0,0,0,0,0,1,0,0,0,1,0,0,1,0,0,0,Active
112,-1.704205746,10300,0.617806644,-1.407439005,-0.98115972,-0.519537954,1,1,1,0,1,0,1,0,0,0,0,0,1,0,0,0,1,0,0,0,0,0,1,Voluntarily Terminated
113,-0.308928045,10101,-0.844569227,0.633981534,0.120431157,1.612075553,0,0,0,1,0,0,0,1,0,0,0,0,1,0,0,1,0,0,0,0,1,0,0,Active
114,-0.011368822,10237,0.273747493,0.621301903,-0.98115972,-0.519537954,1,0,0,1,0,0,1,0,0,0,0,0,1,0,0,0,1,0,0,0,1,0,0,Active
115,0.837550138,10051,-1.215017865,1.12848713,-0.98115972,-0.519537954,1,0,0,0,1,0,1,0,0,0,0,0,1,0,0,0,1,0,0,0,1,0,0,Active
116,0.268686917,10218,0.161550683,0.367709289,1.222022033,-0.519537954,0,0,0,1,0,0,0,1,0,0,0,0,1,0,0,0,1,0,0,0,1,0,0,Active
117,0.321197368,10256,-1.05385943,-0.012679631,1.222022033,-0.519537954,1,0,0,1,0,0,1,0,0,0,0,0,1,0,0,0,1,0,0,0,1,0,0,Active
118,-0.493964873,10098,-2.016909707,0.659340795,-0.98115972,-0.519537954,0,0,0,0,1,1,0,0,0,0,0,0,1,0,0,0,1,0,0,0,1,0,0,Active
119,-0.88404251,10059,1.362189322,1.12848713,1.222022033,-0.519537954,0,0,1,1,0,1,0,0,0,0,0,0,1,0,0,0,1,0,0,0,1,0,0,Voluntarily Terminated
120,-1.354136072,10234,0.409844214,0.114116676,1.222022033,1.612075553,1,0,0,0,1,0,1,0,0,0,0,0,1,0,0,1,0,0,0,0,1,0,0,Active
121,-0.992814159,10109,1.299783996,0.494505596,1.222022033,-0.519537954,0,0,1,0,1,0,0,0,1,0,0,0,1,0,0,0,0,1,0,0,1,0,0,Voluntarily Terminated
122,1.108854135,10125,-0.129065609,0.114116676,0.120431157,-0.519537954,1,0,0,1,0,0,1,0,0,0,0,0,1,0,0,0,1,0,0,0,1,0,0,Active
123,0.216176466,10074,-0.154293294,1.12848713,-0.98115972,-0.519537954,0,0,0,0,1,0,0,0,1,0,0,0,1,0,0,0,1,0,0,0,1,0,0,Active
124,-0.407697703,10097,-0.569056352,0.672020426,0.120431157,-0.519537954,0,0,1,1,0,0,0,0,1,0,0,0,1,0,0,0,1,0,0,0,1,0,0,Voluntarily Terminated
125,-0.011368822,10007,1.072070945,0.824175994,0.120431157,-0.519537954,1,0,0,1,0,0,1,0,0,0,0,0,1,0,0,0,1,0,0,1,0,0,0,Active
126,0.785039686,10129,-1.428623329,0.076077784,0.120431157,-0.519537954,0,0,0,0,1,0,0,0,1,0,0,0,1,0,0,0,1,0,0,0,1,0,0,Active
127,-1.090333568,10075,0.485195326,1.12848713,-0.98115972,-0.519537954,0,0,1,1,0,0,0,0,1,0,0,0,1,0,0,0,1,0,0,0,1,0,0,Voluntarily Terminated
128,-0.133893208,10167,1.106924983,-0.646661164,1.222022033,-0.519537954,1,0,0,0,1,0,1,0,0,0,0,0,1,0,0,0,0,1,0,0,1,0,0,Active
129,-1.907996307,10195,-0.281759492,-1.369400113,1.222022033,-0.519537954,1,0,1,1,0,0,1,0,0,0,0,1,0,0,0,0,1,0,0,0,1,0,0,Voluntarily Terminated
130,-0.413948947,10112,-2.021805869,0.469146335,1.222022033,2.038398254,0,0,0,1,0,0,0,0,1,0,0,0,1,0,0,1,0,0,0,0,1,0,0,Active
131,-0.00261708,10272,-0.029980557,0.494505596,0.120431157,-0.519537954,1,0,0,1,0,0,1,0,0,0,0,0,1,0,0,0,0,1,0,0,1,0,0,Active
132,-2.1305406,10182,-0.36192378,-1.103127868,-0.98115972,1.185752851,1,0,1,1,0,0,1,0,0,0,0,0,1,1,0,0,0,0,0,0,1,0,0,Terminated for Cause
133,1.003833233,10248,-0.029980557,0.874894516,0.120431157,-0.519537954,0,0,0,1,0,0,0,0,1,0,0,0,1,0,0,0,1,0,0,0,1,0,0,Active
134,-0.956556942,10201,0.691166096,-1.407439005,1.222022033,-0.519537954,0,0,0,1,0,0,0,0,1,0,0,0,1,0,0,0,1,0,0,0,1,0,0,Active
135,-0.497715619,10214,-0.029980557,0.494505596,-0.98115972,-0.519537954,0,0,0,1,0,0,0,1,0,0,0,0,1,0,0,0,1,0,0,0,1,0,0,Active
136,-1.240363428,10160,0.49897097,-0.494505596,-0.98115972,-0.519537954,0,0,1,1,0,1,0,0,0,0,0,0,1,0,0,0,1,0,0,0,1,0,0,Voluntarily Terminated
137,-1.476660458,10289,1.323268979,-2.244294629,-2.082750596,-0.519537954,1,0,1,0,1,0,1,0,0,0,0,0,1,0,0,0,1,0,0,0,0,1,0,Voluntarily Terminated
138,0.321197368,10139,-0.613702715,-0.152155568,-0.98115972,-0.519537954,0,0,0,1,0,0,0,0,1,0,0,0,1,0,0,0,1,0,0,0,1,0,0,Active
139,0.680018784,10227,0.935476309,-0.012679631,-0.98115972,-0.519537954,0,0,0,1,0,0,0,0,1,0,0,0,1,0,0,0,1,0,0,0,1,0,0,Active
140,0.268686917,10236,-1.748782568,0.240912983,1.222022033,-0.519537954,0,0,0,1,0,1,0,0,0,0,0,0,1,0,0,0,1,0,0,0,1,0,0,Active
141,1.291390465,10009,-0.738845311,0.621301903,0.120431157,-0.519537954,0,0,0,1,0,1,0,0,0,0,0,0,1,0,0,0,1,0,0,1,0,0,0,Active
142,0.146162531,10060,0.801703189,1.12848713,1.222022033,-0.519537954,0,0,0,1,0,0,0,1,0,0,0,0,1,0,0,0,1,0,0,0,1,0,0,Active
143,0.753783466,10034,-1.455344759,0.74809821,0.120431157,-0.519537954,1,0,1,0,1,0,1,0,0,0,0,0,1,0,0,0,1,0,0,1,0,0,0,Voluntarily Terminated
144,-0.308928045,10156,-0.743658487,-0.456466704,-0.98115972,1.612075553,1,0,0,1,0,0,1,0,0,0,0,0,1,0,0,1,0,0,0,0,1,0,0,Active
145,-0.081382757,10036,-0.307651063,0.240912983,-0.98115972,-0.519537954,0,0,0,1,0,0,0,0,1,0,0,0,1,0,0,0,1,0,0,1,0,0,0,Active
146,0.182419747,10138,0.920870807,-0.139475937,0.120431157,-0.519537954,1,0,1,1,0,0,1,0,0,0,0,0,1,0,0,0,1,0,0,0,1,0,0,Voluntarily Terminated
147,-1.079081328,10244,-0.029980557,0.494505596,1.222022033,-0.519537954,0,0,1,1,0,0,0,0,1,0,0,0,1,0,0,0,0,1,0,0,1,0,0,Voluntarily Terminated
148,0.268686917,10192,-0.850378234,-1.31868159,0.120431157,-0.519537954,0,0,0,0,1,0,0,0,1,0,0,0,1,0,0,0,1,0,0,0,1,0,0,Active
149,0.321197368,10231,0.238063596,0.240912983,1.222022033,-0.519537954,0,0,0,0,1,0,0,0,1,0,0,0,1,0,0,0,0,1,0,0,1,0,0,Active
150,0.837550138,10089,-0.029980557,0.912933408,-0.98115972,-0.519537954,1,0,0,1,0,0,1,0,0,0,0,0,1,0,1,0,0,0,0,0,1,0,0,Active
151,-0.51896985,10166,-0.265660246,-0.646661164,1.222022033,-0.519537954,1,0,1,1,0,0,1,0,0,0,0,0,1,0,0,0,1,0,0,0,1,0,0,Voluntarily Terminated
152,-1.157847005,10170,-1.688368901,-0.786137102,0.120431157,-0.519537954,1,0,1,1,0,0,1,0,0,0,0,0,1,0,0,0,1,0,0,0,1,0,0,Voluntarily Terminated
153,0.09365208,10208,-1.485717563,-1.280642698,-0.98115972,-0.519537954,0,0,0,0,1,0,0,0,1,0,0,0,1,0,0,0,1,0,0,0,1,0,0,Active
154,1.51143426,10176,1.38874478,-0.925613039,-0.98115972,-0.519537954,1,0,0,0,1,0,1,0,0,0,0,0,1,0,0,0,1,0,0,0,1,0,0,Active
155,1.441420325,10165,1.238706443,-0.583263011,1.222022033,-0.519537954,0,1,0,0,1,0,0,0,1,0,0,0,1,0,0,0,0,1,0,0,1,0,0,Active
156,-0.23891411,10113,0.115576547,0.443787074,1.222022033,2.038398254,1,0,0,0,1,0,1,0,0,0,0,0,1,0,0,1,0,0,0,0,1,0,0,Active
157,0.043642127,10092,1.269494177,0.849535255,0.120431157,-0.519537954,1,0,1,0,1,0,1,0,0,0,0,0,1,0,0,0,1,0,0,0,1,0,0,Terminated for Cause
158,-1.642943553,10106,0.149102812,0.519864858,-0.98115972,-0.519537954,0,0,1,1,0,1,0,0,0,0,0,0,1,0,0,0,1,0,0,0,1,0,0,Voluntarily Terminated
159,0.828798396,10052,-1.574346404,1.12848713,1.222022033,-0.519537954,1,0,0,0,1,0,1,0,0,0,0,0,1,0,0,0,1,0,0,0,1,0,0,Active
160,0.146162531,10038,0.221798378,1.12848713,0.120431157,1.185752851,0,0,0,0,1,1,0,0,0,0,0,0,1,1,0,0,0,0,0,0,1,0,0,Active
161,-1.730460972,10249,-0.533372455,1.001690823,-0.98115972,-0.519537954,1,0,1,0,1,0,1,0,0,0,0,0,1,0,0,0,1,0,0,0,1,0,0,Voluntarily Terminated
162,-1.104086305,10232,-0.580840336,-0.012679631,1.222022033,2.464720955,0,0,0,1,0,0,0,0,1,0,0,0,1,0,0,1,0,0,0,0,1,0,0,Active
163,0.946321786,10087,1.339451212,0.976331562,-0.98115972,-0.519537954,0,0,1,1,0,0,0,0,1,0,0,0,1,0,0,0,1,0,0,0,1,0,0,Voluntarily Terminated
164,-0.76526887,10134,-0.029980557,-0.012679631,0.120431157,-0.519537954,1,0,0,0,1,0,1,0,0,0,0,0,1,1,0,0,0,0,0,0,1,0,0,Active
165,0.898812331,10251,1.515713063,-0.012679631,-0.98115972,-0.519537954,1,0,0,0,1,0,1,0,0,0,0,0,1,0,0,0,1,0,0,0,1,0,0,Active
166,0.916315814,10103,1.094145169,0.532544488,-0.98115972,-0.519537954,0,0,0,0,1,0,0,1,0,0,0,0,1,0,0,0,0,1,0,0,1,0,0,Active
167,0.268686917,10017,0.465693662,-0.012679631,-0.98115972,-0.519537954,1,0,0,1,0,0,1,0,0,0,0,0,1,0,0,0,1,0,0,1,0,0,0,Active
168,1.097601895,10186,-0.494867041,-1.179205652,0.120431157,-0.519537954,1,0,1,1,0,0,1,0,0,0,0,0,1,0,0,0,1,0,0,0,1,0,0,Voluntarily Terminated
169,0.373707819,10137,-0.286406697,-0.139475937,-0.98115972,-0.519537954,1,0,0,0,1,0,1,0,0,0,0,0,1,0,0,0,1,0,0,0,1,0,0,Active
170,1.497681523,10008,-2.415490532,0.672020426,0.120431157,1.612075553,0,1,0,1,0,0,0,0,1,0,0,0,1,0,0,1,0,0,0,1,0,0,0,Active
171,-0.746515138,10096,0.342127797,0.684700056,0.120431157,-0.519537954,0,0,1,1,0,0,0,0,0,1,0,0,1,0,0,0,1,0,0,0,1,0,0,Voluntarily Terminated
172,0.321197368,10035,1.353392827,0.114116676,0.120431157,-0.519537954,0,0,0,1,0,0,0,0,1,0,0,0,1,0,0,0,1,0,0,1,0,0,0,Active
173,-0.361438496,10057,-0.588972945,1.12848713,-0.98115972,-0.519537954,1,0,0,1,0,0,1,0,0,0,0,0,1,0,0,0,1,0,0,0,1,0,0,Active
174,-0.367689741,10004,-1.356259706,1.12848713,0.120431157,-0.519537954,0,1,1,1,0,0,0,0,1,0,0,0,1,0,0,0,1,0,0,1,0,0,0,Voluntarily Terminated
175,0.08239984,10191,-0.467647697,-1.306001959,0.120431157,-0.519537954,0,0,1,0,1,0,0,0,0,1,0,0,1,0,0,0,1,0,0,0,1,0,0,Voluntarily Terminated
176,0.146162531,10219,-1.694675823,0.621301903,0.120431157,-0.519537954,0,0,0,1,0,0,0,0,1,0,0,0,1,0,0,0,1,0,0,0,1,0,0,Active
177,-0.924050473,10077,-0.463166464,1.12848713,-0.98115972,-0.519537954,1,0,0,1,0,0,1,0,0,0,0,0,1,0,0,0,1,0,0,0,1,0,0,Active
178,-1.68920276,10073,0.536314582,1.12848713,0.120431157,-0.519537954,1,0,1,1,0,0,1,0,0,0,0,0,1,0,0,0,1,0,0,0,1,0,0,Voluntarily Terminated
179,0.216176466,10279,0.953235271,-0.012679631,-0.98115972,-0.519537954,1,0,0,1,0,0,1,0,0,0,0,0,1,0,0,0,1,0,0,0,1,0,0,Active
180,0.216176466,10110,1.333974148,0.494505596,1.222022033,1.185752851,0,0,0,1,0,0,0,0,1,0,0,0,1,0,0,0,0,0,1,0,1,0,0,Active
181,1.335149174,10053,-0.244581851,1.12848713,0.120431157,-0.519537954,1,0,0,1,0,0,1,0,0,0,0,0,1,0,0,0,1,0,0,0,1,0,0,Active
182,-0.413948947,10076,-1.636585759,1.12848713,1.222022033,-0.519537954,0,0,0,1,0,0,0,0,1,0,0,0,1,0,0,0,1,0,0,0,1,0,0,Active
183,0.601253108,10145,1.195719796,-0.228233352,-0.98115972,-0.519537954,1,0,0,1,0,0,1,0,0,0,0,0,1,0,0,0,1,0,0,0,1,0,0,Active
184,-0.994064407,10202,-0.097033088,-0.900253778,0.120431157,-0.519537954,1,0,0,0,1,0,1,0,0,0,0,0,1,0,0,0,0,1,0,0,1,0,0,Active
185,-0.097635992,10128,1.170658082,0.088757415,0.120431157,-0.519537954,0,1,1,1,0,0,0,0,1,0,0,0,1,0,0,0,1,0,0,0,1,0,0,Voluntarily Terminated
186,-0.413948947,10068,0.013669977,1.12848713,0.120431157,-0.519537954,0,0,0,1,0,0,0,0,1,0,0,0,1,0,0,0,1,0,0,0,1,0,0,Active
187,0.78128894,10116,1.420362372,0.329670397,-0.98115972,-0.519537954,0,0,0,0,1,0,0,0,1,0,0,0,1,0,0,0,1,0,0,0,1,0,0,Active
188,-0.807777331,10298,-1.556089527,-1.407439005,-2.082750596,-0.519537954,0,0,1,0,1,0,0,0,1,0,0,0,1,0,0,0,1,0,0,0,0,0,1,Voluntarily Terminated
189,1.135109361,10213,-1.156595857,-0.519864858,-0.98115972,-0.519537954,1,0,0,0,1,0,1,0,0,0,0,0,1,0,0,0,1,0,0,0,1,0,0,Active
190,1.010084477,10288,-0.029980557,-2.180896476,-0.98115972,2.038398254,1,1,0,0,1,0,1,0,0,0,1,0,0,0,0,1,0,0,0,0,0,1,0,Active
191,0.443721754,10025,1.208997525,0.74809821,-0.98115972,-0.519537954,0,0,0,1,0,0,0,0,1,0,0,0,1,0,0,0,1,0,0,1,0,0,0,Active
192,1.056343684,10223,1.150243574,-0.012679631,0.120431157,-0.519537954,0,1,0,0,1,0,0,0,1,0,0,0,1,0,0,0,1,0,0,0,1,0,0,Active
193,-0.361438496,10151,-0.157280783,-0.38038892,-0.98115972,2.038398254,1,0,0,1,0,0,1,0,0,0,0,0,1,0,0,1,0,0,0,0,1,0,0,Active
194,0.496232205,10254,1.298622195,0.367709289,0.120431157,-0.519537954,0,0,0,1,0,1,0,0,0,0,0,0,1,0,0,0,1,0,0,0,1,0,0,Active
195,0.443721754,10120,1.533803969,0.228233352,1.222022033,-0.519537954,0,0,0,0,1,0,0,1,0,0,0,0,1,0,0,0,1,0,0,0,1,0,0,Active
196,0.373707819,10216,0.326858408,-0.012679631,0.120431157,-0.519537954,0,0,0,0,1,0,0,0,1,0,0,0,1,0,0,0,1,0,0,0,1,0,0,Active
197,-1.267868903,10079,0.470921767,1.12848713,-0.98115972,2.038398254,0,0,0,0,1,0,0,0,1,0,0,0,1,0,0,1,0,0,0,0,1,0,0,Active
198,-1.051575854,10215,-0.852369893,0.240912983,-0.98115972,-0.519537954,0,1,1,0,1,0,0,0,1,0,0,0,1,0,0,0,1,0,0,0,1,0,0,Voluntarily Terminated
199,-0.76526887,10185,-1.484057847,-1.179205652,-0.98115972,-0.519537954,1,0,1,0,1,0,1,0,0,0,0,0,1,0,0,0,1,0,0,0,1,0,0,Voluntarily Terminated
200,-0.011368822,10063,-1.180163826,1.12848713,1.222022033,-0.519537954,1,0,0,0,1,0,1,0,0,0,0,0,1,0,0,0,1,0,0,0,1,0,0,Active
201,0.496232205,10037,-0.435117261,-0.139475937,-0.98115972,-0.519537954,0,1,0,1,0,0,0,1,0,0,0,0,1,0,0,0,1,0,0,1,0,0,0,Active
202,0.373707819,10042,-0.029980557,1.12848713,1.222022033,-0.519537954,0,0,0,1,0,0,0,0,1,0,0,0,1,0,0,0,0,1,0,0,1,0,0,Active
203,0.373707819,10206,1.071407059,-0.646661164,1.222022033,-0.519537954,0,0,0,1,0,0,0,0,1,0,0,0,1,0,0,0,1,0,0,0,1,0,0,Active
204,-0.23891411,10104,0.259307962,0.532544488,1.222022033,-0.519537954,0,0,0,1,0,0,0,0,1,0,0,0,1,0,0,0,1,0,0,0,1,0,0,Active
205,-0.337683768,10303,-0.486568461,-2.25697426,-2.082750596,-0.519537954,0,0,1,1,0,0,0,0,1,0,0,0,1,0,0,0,1,0,0,0,0,0,1,Terminated for Cause
206,-1.62544007,10078,1.127007548,1.12848713,-0.98115972,-0.519537954,1,0,1,1,0,0,1,0,0,0,0,0,1,0,0,0,1,0,0,0,1,0,0,Voluntarily Terminated
207,0.268686917,10121,-0.136866275,0.215553721,-0.98115972,-0.519537954,0,0,0,1,0,0,0,0,1,0,0,0,1,0,0,0,0,1,0,0,1,0,0,Active
208,0.268686917,10021,-1.359579139,1.12848713,-0.98115972,-0.519537954,1,0,0,0,1,0,1,0,0,0,0,0,1,0,0,0,1,0,0,1,0,0,0,Active
209,0.09365208,10281,-0.422503419,0.177514829,-0.98115972,-0.519537954,0,0,0,0,1,0,0,0,1,0,0,0,1,0,0,0,1,0,0,0,0,1,0,Active
210,-0.308928045,10041,0.822117698,1.12848713,1.222022033,-0.519537954,0,0,0,0,1,0,0,0,1,0,0,0,1,0,0,0,0,1,0,0,1,0,0,Active
211,-0.865288777,10148,1.312729782,-0.278951875,0.120431157,-0.519537954,1,0,1,1,0,0,1,0,0,0,0,0,1,0,0,0,1,0,0,0,1,0,0,Voluntarily Terminated
212,-0.452706661,10005,1.881514495,1.12848713,1.222022033,0.75943015,0,1,1,0,1,0,0,0,1,0,0,0,1,0,0,0,0,0,1,1,0,0,0,Voluntarily Terminated
213,-1.556676384,10259,0.502788317,0.74809821,0.120431157,1.612075553,1,0,1,0,1,0,1,0,0,0,0,0,1,0,0,1,0,0,0,0,1,0,0,Voluntarily Terminated
214,0.977578007,10286,-0.338853726,-0.722738948,1.222022033,-0.519537954,0,0,1,0,1,0,0,0,1,0,0,0,1,0,0,0,1,0,0,0,0,1,0,Voluntarily Terminated
215,-0.286423566,10297,-0.814196422,-2.168216845,1.222022033,-0.519537954,1,0,1,1,0,0,1,0,0,0,0,0,1,0,0,0,1,0,0,0,0,1,0,Voluntarily Terminated
216,-0.173901171,10171,-1.594594941,-0.836855624,0.120431157,-0.519537954,0,0,1,1,0,0,0,0,1,0,0,0,1,0,0,0,1,0,0,0,1,0,0,Voluntarily Terminated
217,-1.415398265,10032,-1.198586675,0.114116676,1.222022033,-0.519537954,1,0,1,1,0,0,1,0,0,0,0,0,1,0,0,0,1,0,0,1,0,0,0,Voluntarily Terminated
218,0.337450603,10130,-0.07305019,0.063398153,1.222022033,-0.519537954,1,0,1,1,0,0,1,0,0,0,0,0,1,0,0,0,1,0,0,0,1,0,0,Voluntarily Terminated
219,0.951322782,10217,1.502103391,0.240912983,-0.98115972,-0.519537954,1,0,0,1,0,0,1,0,0,0,1,0,0,0,0,0,1,0,0,0,1,0,0,Active
220,-0.23891411,10016,0.57930123,0.621301903,1.222022033,2.464720955,1,0,0,1,0,0,1,0,0,0,0,0,1,0,0,1,0,0,0,1,0,0,0,Active
221,-1.56042713,10050,1.513389461,1.12848713,-0.98115972,-0.519537954,1,0,1,0,1,0,1,0,0,0,0,0,1,0,0,0,1,0,0,0,1,0,0,Voluntarily Terminated
222,2.964223408,10164,-1.428125414,-0.57058338,-0.98115972,-0.519537954,0,0,0,0,1,0,0,0,1,0,0,0,1,0,0,0,1,0,0,0,1,0,0,Active
223,1.056343684,10124,-0.33719401,0.114116676,1.222022033,-0.519537954,1,0,0,1,0,0,1,0,0,0,0,0,1,0,0,0,0,1,0,0,1,0,0,Active
224,1.01758597,10187,-1.46165168,-1.191885283,0.120431157,-0.519537954,0,0,1,1,0,1,0,0,0,0,1,0,0,0,0,0,1,0,0,0,1,0,0,Voluntarily Terminated
225,0.146162531,10225,0.641706556,0.874894516,-0.98115972,-0.519537954,0,0,0,0,1,0,0,0,1,0,0,0,1,0,0,0,1,0,0,0,1,0,0,Active
226,-1.869238593,10262,-1.522895204,0.494505596,1.222022033,-0.519537954,0,0,1,1,0,1,0,0,0,0,0,0,1,0,0,0,1,0,0,0,1,0,0,Voluntarily Terminated
227,-0.157647936,10131,-2.371342084,0.050718523,0.120431157,-0.519537954,1,1,1,0,1,0,1,0,0,0,1,0,0,0,0,0,0,0,1,0,1,0,0,Voluntarily Terminated
228,-1.104086305,10239,-0.104667782,0.367709289,0.120431157,2.038398254,1,0,0,1,0,0,1,0,0,0,0,0,1,0,0,1,0,0,0,0,1,0,0,Active
229,0.778788442,10152,1.016304483,-0.393068551,1.222022033,-0.519537954,0,0,1,0,1,1,0,0,0,0,0,0,1,0,0,0,1,0,0,0,1,0,0,Voluntarily Terminated
230,-0.011368822,10140,-0.343003017,-0.164835199,-0.98115972,-0.519537954,1,0,0,0,1,0,1,0,0,0,0,0,1,0,0,0,0,1,0,0,1,0,0,Active
231,-0.071380766,10058,-1.741147874,1.12848713,0.120431157,-0.519537954,0,0,1,0,1,1,0,0,0,0,0,0,1,0,0,0,1,0,0,0,1,0,0,Voluntarily Terminated
232,1.108854135,10011,-1.471775948,0.316990767,1.222022033,-0.519537954,1,0,0,1,0,0,1,0,0,0,0,0,1,0,0,0,1,0,0,1,0,0,0,Active
233,-2.170548562,10230,-0.033963876,0.494505596,0.120431157,-0.519537954,0,0,1,1,0,1,0,0,0,0,1,0,0,0,0,0,1,0,0,0,1,0,0,Voluntarily Terminated
234,-1.930500786,10224,-1.592935225,0.114116676,1.222022033,-0.519537954,1,0,1,0,1,0,1,0,0,0,0,0,1,0,0,0,1,0,0,0,1,0,0,Voluntarily Terminated
235,0.099903324,10047,-0.859340701,1.12848713,-0.98115972,-0.519537954,1,0,1,0,1,0,1,0,0,0,0,0,1,0,0,0,1,0,0,0,1,0,0,Voluntarily Terminated
236,0.239931194,10285,0.965351199,-0.646661164,-0.98115972,-0.519537954,1,0,1,1,0,0,1,0,0,0,0,0,1,0,0,0,1,0,0,0,0,1,0,Terminated for Cause
237,0.373707819,10020,1.285842381,-0.646661164,1.222022033,-0.519537954,0,0,0,0,1,0,0,0,0,1,0,0,1,0,0,0,1,0,0,1,0,0,0,Active
238,-0.361438496,10162,-0.029980557,-0.532544488,1.222022033,2.038398254,1,0,0,1,0,0,1,0,0,0,0,0,1,0,0,1,0,0,0,0,1,0,0,Active
239,-0.446455417,10149,-0.029980557,-0.291631505,-0.98115972,2.464720955,0,0,1,1,0,0,0,0,1,0,0,0,1,0,0,1,0,0,0,0,1,0,0,Voluntarily Terminated
240,-1.225360442,10086,-0.029980557,1.052409346,-0.98115972,1.612075553,0,0,0,1,0,0,0,0,1,0,0,0,1,0,0,1,0,0,0,0,1,0,0,Active
241,0.146162531,10054,0.833403767,1.12848713,0.120431157,-0.519537954,0,0,0,1,0,0,0,1,0,0,0,0,1,0,0,0,1,0,0,0,1,0,0,Active
242,1.15761384,10065,-0.402586825,1.12848713,1.222022033,-0.519537954,0,0,1,0,1,0,0,0,1,0,0,0,1,0,0,0,1,0,0,0,1,0,0,Voluntarily Terminated
243,0.584999873,10198,-0.700422883,-0.646661164,1.222022033,2.464720955,0,0,0,0,1,0,0,0,1,0,0,0,1,0,0,1,0,0,0,0,1,0,0,Active
244,-0.458957906,10222,0.640461769,0.240912983,0.120431157,2.038398254,0,1,1,0,1,1,0,0,0,0,0,0,1,0,0,1,0,0,0,0,1,0,0,Voluntarily Terminated
245,0.680018784,10126,-1.898157019,0.114116676,-0.98115972,2.038398254,1,0,0,1,0,0,1,0,0,0,0,0,1,0,0,0,0,0,1,0,1,0,0,Active
246,-0.99156391,10295,-1.303812677,-1.914624231,0.120431157,-0.519537954,0,1,0,1,0,0,0,0,1,0,0,0,1,0,0,0,1,0,0,0,0,1,0,Active
247,2.164064153,10260,-1.523227148,0.621301903,1.222022033,-0.519537954,0,0,1,0,1,0,0,0,1,0,0,0,1,0,0,0,1,0,0,0,1,0,0,Voluntarily Terminated
248,1.677717355,10233,-1.195101271,-0.012679631,-0.98115972,-0.519537954,1,0,0,0,1,0,1,0,0,0,0,0,1,0,0,0,1,0,0,0,1,0,0,Active
249,-1.82923063,10229,-0.029980557,0.114116676,-0.98115972,1.612075553,0,0,1,0,1,1,0,0,0,0,0,0,1,0,0,1,0,0,0,0,1,0,0,Voluntarily Terminated
250,-0.186403659,10169,0.089850947,-0.76077784,-0.98115972,-0.519537954,1,0,0,1,0,0,1,0,0,0,0,0,1,0,0,0,1,0,0,0,1,0,0,Active
251,0.268686917,10071,-0.777184753,1.12848713,1.222022033,-0.519537954,0,0,0,1,0,0,0,0,1,0,0,0,1,0,0,0,1,0,0,0,1,0,0,Active
252,-0.187653908,10179,-0.464162293,-1.014370454,-0.98115972,2.038398254,1,0,0,1,0,0,1,0,0,0,0,0,1,0,0,1,0,0,0,0,1,0,0,Active
253,0.321197368,10091,-0.583993797,0.887574147,0.120431157,-0.519537954,1,0,0,1,0,0,1,0,0,0,0,0,1,0,0,0,1,0,0,0,1,0,0,Active
254,-0.308928045,10178,-0.371384162,-1.001690823,-0.98115972,2.464720955,1,0,0,0,1,0,1,0,0,0,0,0,1,0,0,1,0,0,0,0,1,0,0,Active
255,-0.45395691,10039,-0.029980557,1.12848713,-0.98115972,1.612075553,0,0,0,1,0,0,0,0,1,0,0,0,1,1,0,0,0,0,0,0,1,0,0,Active
256,0.284940152,10095,-0.215370847,0.722738948,0.120431157,-0.519537954,0,0,1,1,0,0,0,0,1,0,0,0,1,0,0,0,1,0,0,0,1,0,0,Voluntarily Terminated
257,-0.186403659,10027,-0.75013138,0.240912983,-0.98115972,-0.519537954,0,0,0,0,1,0,0,0,1,0,0,0,1,0,0,0,1,0,0,1,0,0,0,Active
258,-0.018870315,10291,0.632744089,-2.168216845,0.120431157,-0.519537954,0,1,0,0,1,1,0,0,0,0,0,0,1,0,0,0,0,1,0,0,0,1,0,Active
259,-1.290373382,10153,0.481212007,-0.393068551,0.120431157,1.185752851,1,1,1,1,0,0,1,0,0,0,0,0,1,1,0,0,0,0,0,0,1,0,0,Voluntarily Terminated
260,0.216176466,10157,0.553243687,-0.481825966,-0.98115972,-0.519537954,0,0,0,1,0,0,0,0,1,0,0,0,1,0,0,0,1,0,0,0,1,0,0,Active
261,1.322646686,10119,0.043544867,0.240912983,-0.98115972,1.612075553,1,0,0,1,0,0,1,0,0,0,0,0,1,0,0,1,0,0,0,0,1,0,0,Active
262,-0.986562914,10180,-0.820669315,-1.065088976,0.120431157,1.612075553,1,0,0,0,1,0,1,0,0,0,0,0,1,0,0,1,0,0,0,0,1,0,0,Active
263,1.003833233,10302,1.396711418,-2.168216845,-2.082750596,-0.093215253,1,0,0,1,0,0,1,0,0,0,0,0,1,0,0,0,1,0,0,0,0,0,1,Active
264,0.722527245,10090,-1.559325973,0.912933408,1.222022033,-0.519537954,1,0,0,1,0,0,1,0,0,0,0,0,1,0,0,0,1,0,0,0,1,0,0,Active
265,-1.231611686,10030,1.131820725,-0.012679631,0.120431157,-0.519537954,0,0,1,1,0,1,0,0,0,0,0,0,1,0,0,0,1,0,0,1,0,0,0,Voluntarily Terminated
266,1.51143426,10278,-1.268792667,-0.012679631,0.120431157,-0.519537954,0,0,0,1,0,1,0,0,0,0,0,0,1,0,0,0,1,0,0,0,1,0,0,Active
267,-0.011368822,10307,-0.929878636,-2.916315054,-2.082750596,-0.519537954,1,0,0,0,1,0,1,0,0,0,0,0,1,0,0,0,0,1,0,0,0,0,1,Active
268,-0.186403659,10147,-0.029980557,-0.266272244,1.222022033,1.612075553,0,0,0,0,1,0,0,0,1,0,0,0,1,1,0,0,0,0,0,0,1,0,0,Active
269,0.09365208,10266,0.954231101,0.74809821,-0.98115972,-0.519537954,1,0,0,0,1,0,1,0,0,0,0,0,1,0,0,0,1,0,0,0,1,0,0,Active
270,1.642710388,10241,-0.623329069,-0.012679631,0.120431157,-0.519537954,1,0,0,1,0,0,1,0,0,0,0,0,1,0,0,0,0,1,0,0,1,0,0,Active
271,2.426616408,10158,-1.896580288,-0.481825966,0.120431157,-0.519537954,1,0,0,1,0,0,1,0,0,0,0,0,1,0,0,0,1,0,0,0,1,0,0,Active
272,-0.308928045,10117,1.231403692,0.316990767,1.222022033,-0.519537954,1,0,0,0,1,0,1,0,0,0,0,0,1,0,0,0,1,0,0,0,1,0,0,Active
273,0.898812331,10209,0.602869199,-0.900253778,1.222022033,-0.519537954,0,0,0,1,0,0,0,0,1,0,1,0,0,0,0,0,1,0,0,0,1,0,0,Active
274,-0.081382757,10024,-0.773699349,0.494505596,1.222022033,1.612075553,0,0,0,0,1,0,0,0,1,0,0,0,1,0,0,0,0,0,1,1,0,0,0,Active
275,-1.354136072,10173,-1.070622563,-0.900253778,-0.98115972,2.038398254,1,0,0,0,1,0,1,0,0,0,0,0,1,0,0,1,0,0,0,0,1,0,0,Active
276,-0.408947952,10221,0.854482162,0.494505596,1.222022033,-0.519537954,1,1,1,1,0,0,1,0,0,0,0,1,0,0,0,0,1,0,0,0,1,0,0,Voluntarily Terminated
277,0.603753605,10146,1.166176849,-0.228233352,-0.98115972,-0.519537954,1,0,1,1,0,0,1,0,0,0,0,0,1,0,0,0,1,0,0,0,1,0,0,Voluntarily Terminated
278,-0.186403659,10161,-0.913779389,-0.532544488,-0.98115972,-0.519537954,0,0,0,1,0,0,0,0,1,0,0,0,1,0,0,0,0,1,0,0,1,0,0,Active
279,0.15866502,10141,-1.193773498,-0.164835199,0.120431157,-0.519537954,0,0,1,1,0,0,0,0,1,0,0,0,1,0,0,0,1,0,0,0,1,0,0,Voluntarily Terminated
280,-0.750265884,10268,0.332003528,-0.012679631,0.120431157,-0.519537954,0,0,1,0,1,0,0,0,0,1,0,0,1,0,0,0,1,0,0,0,1,0,0,Voluntarily Terminated
281,0.548742656,10123,0.121717496,0.126796307,1.222022033,-0.519537954,0,0,0,1,0,1,0,0,0,0,0,0,1,0,0,0,1,0,0,0,1,0,0,Active
282,3.795638884,10013,0.086531515,-0.012679631,-0.98115972,-0.519537954,0,0,0,0,1,0,0,1,0,0,0,0,1,0,0,0,0,1,0,1,0,0,0,Active
283,0.09365208,10287,1.231403692,-2.117498322,1.222022033,-0.519537954,0,0,0,1,0,0,0,0,1,0,0,0,1,0,0,0,1,0,0,0,0,1,0,Active
284,-1.699204751,10044,3.607287314,1.12848713,-0.98115972,1.612075553,1,0,1,0,1,0,1,0,0,0,0,0,1,0,0,1,0,0,0,0,1,0,0,Voluntarily Terminated
285,0.149913278,10102,0.458971811,0.621301903,-0.98115972,1.185752851,0,1,1,0,1,0,0,0,1,0,0,1,0,0,0,0,0,0,1,0,1,0,0,Voluntarily Terminated
286,-0.616489259,10270,1.599528727,0.367709289,-0.98115972,-0.519537954,0,0,1,1,0,0,0,0,1,0,0,0,1,0,0,0,1,0,0,0,1,0,0,Voluntarily Terminated
287,-0.413948947,10045,3.73143408,1.12848713,0.120431157,2.464720955,1,0,0,0,1,0,1,0,0,0,1,0,0,0,0,1,0,0,0,0,1,0,0,Active
288,1.291390465,10205,-0.998590883,-1.648351987,-0.98115972,-0.519537954,1,0,0,1,0,0,1,0,0,0,0,0,1,0,0,0,0,1,0,0,1,0,0,Active
289,-0.613988761,10014,0.484199496,0.494505596,1.222022033,-0.519537954,0,0,1,0,1,1,0,0,0,0,0,0,1,0,0,0,1,0,0,1,0,0,0,Voluntarily Terminated
290,1.257633746,10144,2.301505659,-0.228233352,-0.98115972,-0.519537954,0,0,0,0,1,1,0,0,0,0,0,0,1,0,0,0,1,0,0,0,1,0,0,Active
291,0.986329749,10253,-1.327878561,0.494505596,0.120431157,-0.519537954,0,0,0,0,1,0,0,0,1,0,0,0,1,0,0,0,0,1,0,0,1,0,0,Active
292,-1.28162164,10118,0.633739918,0.278951875,-0.98115972,2.464720955,1,0,1,0,1,0,1,0,0,0,0,0,1,0,0,1,0,0,0,0,1,0,0,Terminated for Cause
293,-0.207657889,10022,-0.968052106,0.240912983,1.222022033,-0.519537954,1,0,1,1,0,0,1,0,0,0,0,0,1,0,0,0,1,0,0,1,0,0,0,Terminated for Cause
294,-0.535223085,10183,1.07256886,-1.14116676,-0.98115972,-0.519537954,0,0,0,1,0,0,0,0,1,0,0,0,1,0,0,0,1,0,0,0,1,0,0,Active
295,-0.133893208,10190,0.226611555,-1.267963067,1.222022033,-0.519537954,0,0,0,0,1,0,0,0,1,0,0,0,1,0,0,0,1,0,0,0,1,0,0,Active
296,-2.080530646,10274,0.896721937,0.494505596,-0.98115972,-0.519537954,1,1,1,1,0,0,1,0,0,0,0,0,1,0,0,0,1,0,0,0,1,0,0,Voluntarily Terminated
297,-0.810277829,10293,-0.884900329,-2.041420538,-0.98115972,-0.519537954,0,0,1,1,0,0,0,0,1,0,0,0,1,0,0,0,1,0,0,0,0,1,0,Voluntarily Terminated
298,-1.274120147,10172,-0.029980557,-0.874894516,0.120431157,2.464720955,0,0,0,0,1,0,0,0,1,0,0,0,1,0,0,1,0,0,0,0,1,0,0,Active
299,-0.413948947,10127,2.442498543,0.114116676,0.120431157,2.891043657,0,0,0,1,0,0,0,0,0,1,0,0,1,0,0,1,0,0,0,0,1,0,0,Active
300,-0.676501203,10072,0.458971811,1.12848713,1.222022033,-0.519537954,0,0,1,0,1,0,0,0,1,0,0,0,1,0,0,0,1,0,0,0,1,0,0,Voluntarily Terminated
301,-0.233913115,10048,-0.077282466,1.12848713,-0.98115972,-0.519537954,1,0,1,0,1,0,1,0,0,0,1,0,0,0,0,0,1,0,0,0,1,0,0,Voluntarily Terminated
302,-1.590433102,10204,0.407686583,-0.646661164,1.222022033,-0.519537954,0,0,1,1,0,1,0,0,0,0,0,0,1,0,0,0,1,0,0,0,1,0,0,Voluntarily Terminated
303,-0.621490254,10264,0.684195288,0.240912983,0.120431157,-0.519537954,0,1,1,1,0,0,0,0,1,0,0,0,1,0,0,0,1,0,0,0,1,0,0,Voluntarily Terminated
304,-0.777771359,10033,0.884854967,1.12848713,-0.98115972,-0.519537954,0,0,1,0,1,0,0,0,1,0,0,0,1,0,0,0,1,0,0,1,0,0,0,Voluntarily Terminated
305,-0.186403659,10174,-0.784985419,-0.900253778,0.120431157,-0.519537954,0,0,0,1,0,0,0,0,1,0,0,0,1,0,0,0,1,0,0,0,1,0,0,Active
306,-0.081382757,10135,0.11906195,-0.050718523,0.120431157,-0.519537954,0,0,0,0,1,0,0,0,1,0,0,0,1,0,0,0,1,0,0,0,1,0,0,Active
307,1.026337712,10301,-1.177176337,-1.153846391,-2.082750596,-0.519537954,0,0,1,1,0,0,0,0,1,0,0,0,1,0,0,0,1,0,0,0,0,0,1,Voluntarily Terminated
308,1.85525269,10010,-0.029980557,0.621301903,1.222022033,2.038398254,0,0,0,1,0,0,0,0,1,0,0,0,1,0,0,1,0,0,0,1,0,0,0,Active
309,-0.413948947,10043,-0.128069779,1.12848713,-0.98115972,1.612075553,0,0,0,1,0,0,0,0,1,0,0,0,1,0,0,1,0,0,0,0,1,0,0,Active
310,-0.186403659,10271,-1.752599915,0.494505596,1.222022033,-0.519537954,0,0,0,1,0,0,0,0,0,1,0,0,1,0,0,0,1,0,0,0,1,0,0,Active
